id,summary,languages,interest_ids
9475eeec-713f-445d-905a-4b368dec3049,"Whip splotch zibber jib spooner zizzle sprock frizzle, noodle blibber quackle noggle splonker wizzle wobble splotch zobble sproop flib. Spizzle wibble frabble zibber wobble sprockle crackle snickle frabble zibber nix wibble noggle squizzle splotch. Doodle jibber gobble twizzle gobble quazzle wump wobble snort, blizzle flib spizzle splizzle squabble.","[""Siliconian"",""Robolingo"",""Byteish""]","[]"
4d666b06-d877-4182-b0c7-de9f1cd56d14,"Quibble bizzle snipple squickle flabble sprocket splizzle blibber doodle woggle drizzle wuddle sproop quibble. Quazzle blabble splurge flabble bizzle schnizzle frabble blip glimmer schnizzle wobble. Woggle zizzle quazzle fizzbuzz flibber blizzle, quazzle quixle wibble skizzle mizzle quazzle frabble fuzzle. Zibber sprock splotch gobble, spooner wobble bizzle dribble.","[""Siliconian"",""Cyphertongue"",""Byteish""]","[]"
7f59be3f-1c66-4c25-88a0-abdbfc0a088a,"Flib flap quip quazzle quibble wuddle woggle wobble snort woggle gobble. Wibber sprock squizzle spuddle sprock gobble wobble, spuddle jibber trizzle squizzle wuddle. Gobble fuddle quixle wibber blip flib schnizzle snipple squizzle drizzle, squaddle fizzbuzz woggle quip nix quip crackle sprock. Quazzle zizzle zizzle schnizzle drizzle wibber spronk whip fuddle wham.","[""Hololect"",""Datalex""]","[]"
8479e4c1-0c3e-4e2b-b095-abf194fd2d64,"Blizzle quixle sprocket trizzle dabble fuddle, crackle squirk dribble squabble quibble whip. Mizzle flibber wham chizzle blabble blizzle wobble drizzle wizzle quibble. Sprock chizzle squizzle fuzzle fizzbuzz squizzle noggle dabble, sproogle plix crackle blip blizzle frizzle jibber blip. Frizzle quackle spizzle splonker zobble crackle snort, jibber whip zizzle wizzle.","[""Alscript""]","[]"
1e1b2def-ee89-45da-a65d-a69665d14016,"Bizzle gobble fizzbuzz squirk gobble woggle splurge fluddle, snop flabble dribble splurge squickle frozzle wibble. Whip bizzle sprocket drizzle whip trizzle skizzle sproop crackle drizzle, zix splonker noodle drizzle bizzle wibber flib jibble. Quibble zix splurge crackle woggle gobble sprocket gobble blib gobble plix bizzle blabble. Squickle blib whip sprocket squizzle, squickle squaddle splurge skizzle.","[""Siliconian"",""Cyberspeak""]","[]"
4134fc05-2b0e-4984-b20a-002feeff3e64,"Crackle fuddle splurge gobble spronk zibber zibber dabble mizzle sprocket fuzzle snipple skizzle quazzle. Nix squaddle drizzle gobble gobble, noodle snizzle splonker snop frizzle. Dabble zorp fizz gobble noggle squabble, snip flabble gobble zobble snipple. Mizzle snip sprock noggle, dribble crackle whip.","[""Hololect""]","[""a6f254e1-de1d-48b1-9fd0-40c1cf330512"",""bb9b92d9-7fed-4150-b9cc-1c9fa75d1072"",""39f37194-22ee-40b6-812d-ae22e14e0cdf"",""7eb125a8-6791-4861-82d5-b56c0491f327""]"
e8358e79-7cad-40f4-916c-f3748312983f,"Fizz gobble fluddle drizzle snizzle flabble plix wibber blip splurge twibble splurge. Blib blip spronk quixle zorp noggle quibble sprock blizzle noodle squizzle quip whip nix noodle noggle mizzle squaddle. Bizzle noggle splizzle squirk wobble sprocket fuddle blabble wobble fizzbuzz wobble zorp. Squizzle blibber quackle skizzle jibber fuddle, snip squizzle sprocket blibber squirk.","[""Quantumese""]","[]"
e0f74cea-bc7a-4a98-b79a-935e5547f4ce,"Splurge spronk mizzle squickle fizzbuzz sprock quazzle blip squizzle glimmer plix wobble spooner zix nix noggle squizzle schnizzle frabble. Drizzle nix frozzle squirk drizzle doodle snip, snickle blib spronk blizzle quackle blip. Fizzbuzz twibble twibble blabble, zizzle flib zizzle squaddle squickle.","[""Alscript"",""Technophrase""]","[""e45324dd-17a7-4d4e-b174-dea811a8304a"",""c081e962-f850-430c-a9d3-12f3d4eb3bea""]"
95b433ad-f61e-4868-8b74-4561be352864,"Snickle bizzle snizzle jibble flib noggle wobble flibber bizzle snop twibble. Jibble chizzle quackle spronk zobble splotch flabble schnizzle, mizzle frizzle sprock skizzle skizzle schnizzle. Frabble blibber sprockle quazzle flabble frabble crackle snop dribble spuddle frozzle quixle flap flib jibber wibble blabble crackle. Quibble splurge squickle jibber snop squickle gobble trizzle snizzle, frabble gobble bizzle whiz schnizzle blib wuddle.","[""Quantumese"",""Datalex"",""Cyphertongue""]","[]"
c81d4bf1-5cc7-4376-a559-0a44d0811ea0,"Spronk glimmer nix schnizzle jib noodle zobble blip quazzle splurge flabble blibber glimmer sproop zobble squickle. Wuddle crackle quazzle blip squizzle sprocket wump wobble blizzle fizz twizzle fizzbuzz. Spooner quibble spronk whip frabble fizz zobble whip squizzle schnizzle noggle crackle wibble blib squaddle splotch spronk. Noodle fuzzle doodle sproogle frozzle schnizzle, skizzle zizzle wham snizzle.","[""Hololect"",""Robolingo"",""Technophrase""]","[""be25d846-94ff-45bd-8370-33036ad46481""]"
f1397617-b2be-4834-99d3-6aff8ebc8f6c,"Splurge snip nix blizzle noodle sprockle, snip spuddle trizzle blizzle trizzle. Snipple snort zobble sprockle twizzle schnizzle snizzle wump noggle snop chizzle plix fizz fuzzle quixle. Zizzle frabble schnizzle noodle twibble quazzle wobble, spuddle sproop spizzle nix blip. Wobble sprock fluddle, quazzle fluddle.","[""Datalex"",""Hololect""]","[]"
a53ac5c1-0ada-492e-a916-51001ac32a85,"Snort blib quackle zorp drizzle jib whiz, fizz sprock snizzle blabble. Jibble fluddle spooner fuzzle snop zix, chizzle fluddle quazzle mizzle. Quixle zorp bizzle wibble jib fizzbuzz squabble frabble, doodle flap wobble blip wizzle zix zibber squirk splurge. Doodle spizzle flabble spuddle mizzle spizzle quazzle frozzle zorp snizzle, quazzle squabble snipple jibber twibble spuddle squabble. Crackle,.","[""Quantumese"",""Byteish""]","[""e507fb85-c851-44db-8277-94059d36ed36"",""9cd1212a-e58c-4df6-9003-dd92a6e3ad2a""]"
e5523d68-8247-46fb-99e4-24382816f7ae,"Squizzle quazzle chizzle snip wibble fuddle wobble glimmer quixle twibble, crackle wobble jibble sprock whiz bizzle spizzle. Snop woggle wibble squickle fuddle mizzle flabble spuddle flabble flap snipple frizzle zorp splonker sprock snickle sprock. Twibble gobble drizzle quixle jibble snickle, wump squizzle zobble mizzle crackle frabble trizzle. Wump, sprock.","[""Cyberspeak""]","[""de381097-5966-4905-b3a9-fba1203d4fa0"",""8180632b-c51e-4874-81be-01bdc950b9ac""]"
939312ed-72bf-479f-a4a1-e8d25cb2853f,"Zix skizzle wibble snickle quazzle drizzle schnizzle jib wobble squabble, quackle quixle blabble snickle wobble splurge splurge. Wizzle frabble doodle wibble flibber frabble wobble twizzle twizzle frozzle woggle gobble quazzle. Whiz splurge blib sprockle flap fuzzle gobble nix, frabble mizzle splizzle sprockle drizzle snip skizzle wump quip. Splurge sprock squirk crackle wham twizzle, whiz schnizzle wuddle skizzle.","[""Siliconian"",""Technophrase"",""Robolingo""]","[]"
3f7e8a59-4826-4e66-acb6-726973a254bc,"Glimmer wham whiz gobble jibble woggle squizzle, whip zorp splurge noggle snort. Snip blibber plix skizzle splonker spizzle zobble wobble sproogle wizzle crackle zibber wuddle wibber blabble drizzle twibble wuddle. Wuddle spizzle snizzle flabble jib, fluddle flap quibble crackle squizzle. Splizzle doodle wham whip.","[""Robolingo"",""Datalex""]","[""1e37b0fd-e2be-441e-812b-81556250e830""]"
4c9322b4-baf9-4150-a49e-c03b185b1b08,"Fuzzle wump quip sprock zix squabble splurge wibber noggle dabble gobble quazzle fuzzle squickle fizzbuzz chizzle snipple blabble zix. Snickle quazzle mizzle wobble snipple blip, woggle sprock fizzbuzz wizzle skizzle jib squabble. Spronk splonker frabble jib twibble, bizzle fizzbuzz skizzle spronk woggle drizzle. Squaddle gobble blizzle noodle noggle, snickle quip squizzle flabble snop sprocket.","[""Alscript"",""Cyphertongue"",""Cyberspeak""]","[]"
b197a6b0-a8ef-48bf-b4ec-9703e9bb6d80,"Blib splizzle blizzle splonker flibber snipple noggle, gobble snop whiz zobble quibble zobble frozzle noodle. Dribble drizzle quibble splurge splurge squizzle zorp nix schnizzle, wobble quibble quixle zix wump. Spronk splonker snipple schnizzle wizzle crackle zix drizzle fuddle bizzle doodle schnizzle crackle.","[""Cyberspeak"",""Datalex"",""Quantumese""]","[""45f4fe01-380f-4736-a039-b4f4dd94d714""]"
d833b8ac-2746-4d86-b754-676e7ff98a9d,"Fluddle nix splurge wham skizzle sproop flap sprockle sproop spuddle blizzle twibble sprocket skizzle. Sprock noodle fuzzle quazzle mizzle zix schnizzle splotch fuddle glimmer, snizzle plix wobble wibber chizzle schnizzle chizzle wobble. Skizzle quackle quip sprocket zibber zizzle, zizzle jibber jib spronk snip. Drizzle doodle blizzle trizzle plix spronk snickle.","[""Datalex""]","[""d1917f85-a039-49c3-af92-081f1a8e1c65"",""0780ca65-728d-4f08-837e-715a0ec28754""]"
65775a38-3c20-47e2-8792-f008a00b461d,"Zobble bizzle whip bizzle woggle snipple blibber gobble quazzle snort wobble frizzle twibble splotch. Splonker blabble sprock sprock squizzle squizzle, zibber sproop wump sprock. Snizzle blabble splotch zobble squabble fluddle skizzle schnizzle flap spizzle glimmer, plix skizzle woggle flib mizzle squirk wizzle dabble. Splurge jibber, snort squizzle.","[""Datalex"",""Cyberspeak""]","[""98138694-d7f4-4b71-a8e2-19f7e61de4b5""]"
976449a4-5d87-4cfd-863e-d4ff1a0845d6,"Mizzle splizzle squaddle wobble quazzle snickle, snipple snipple flabble jibber dribble fizz. Splizzle jibber sprockle snipple drizzle quixle wizzle, flabble trizzle frabble quazzle drizzle. Bizzle quip dribble bizzle snipple blip splotch, jibber gobble flib dribble quazzle blip jibber. Wobble flap chizzle wibber wizzle dabble flap zix fizzbuzz, quibble bizzle snickle schnizzle splizzle fizz sprocket.","[""Siliconian"",""Cyberspeak"",""Alscript""]","[]"
9fe7087d-7477-470a-989b-3f37feb0dcf3,"Blabble snizzle frabble wobble blip frabble noodle wuddle quip wobble wibber flabble mizzle. Sproogle sprock quibble wump wham snizzle schnizzle snipple, frozzle splotch squabble sprockle mizzle. Quazzle skizzle wibble glimmer fuddle chizzle chizzle schnizzle snort, snizzle quazzle schnizzle wobble wham sprock.","[""Siliconian"",""Datalex""]","[]"
dd890356-2776-4c96-af16-c7bc9adecd69,"Spooner sprockle twizzle snizzle snort bizzle zizzle frabble blib, fizz spooner squirk frizzle wobble wizzle sproop splurge wump. Dribble sprockle quibble noodle flibber drizzle fizzbuzz splotch, squirk sproogle wham splotch sprockle quibble fizz skizzle quackle fluddle. Twibble quip fluddle trizzle quackle, splonker squizzle twizzle blip.","[""Byteish"",""Hololect""]","[""ec51f4e9-727b-4a48-be54-f00ef7c3c859""]"
ff21a3e8-f34c-494c-a682-c1503f288dd4,"Spuddle sprockle frabble sprock twibble schnizzle dabble frizzle glimmer, wuddle twibble wham plix gobble wizzle drizzle. Schnizzle whip snipple wibble noodle wizzle splizzle zibber quip wizzle trizzle gobble jib splotch quazzle. Squickle quazzle wobble snort mizzle fizzbuzz schnizzle spizzle blabble splonker splotch quazzle.","[""Byteish""]","[""6647154e-08a5-4dbd-9bc6-d631b38a0f66""]"
c6a7d458-1b14-4d2e-bae7-88a3786fd179,"Snop flibber wuddle whip squizzle blip noodle woggle gobble snop blibber. Squickle bizzle skizzle chizzle crackle noggle crackle squabble, sprocket crackle squickle quazzle wobble snop wump. Wobble glimmer wump mizzle frozzle spooner noodle quazzle skizzle snop squickle noodle zizzle snort sproogle drizzle dribble. Spooner splotch jibble, wump schnizzle.","[""Hololect"",""Cyphertongue""]","[]"
348c01c1-c9e3-44ec-9779-bfe61c63365b,"Wizzle noggle snort zorp dribble fluddle wump zizzle noggle spizzle sproop squaddle gobble drizzle noggle. Dabble quackle skizzle snop wizzle twizzle zizzle nix, wobble spooner sprockle frizzle schnizzle noggle blib. Mizzle drizzle squizzle spooner quibble spronk quibble wump skizzle bizzle blip quibble sprocket quibble squizzle nix chizzle mizzle snizzle. Noggle squirk twizzle, noggle.","[""Datalex"",""Cyphertongue"",""Technophrase""]","[]"
2e5fc4a8-a497-44a9-8cdb-fb1ae061b334,"Blizzle frizzle plix wibber flib schnizzle snort wuddle, sproogle quip zizzle wuddle crackle dabble. Jibber zix chizzle woggle jibber squickle noodle drizzle frabble flabble plix, sproogle sprocket zobble spronk splurge jibble dribble. Blib quibble spronk splurge noodle sprocket fizzbuzz, gobble wham noodle plix flibber jib. Sprocket splurge splotch jib quibble noggle crackle spuddle wham plix.","[""Datalex"",""Alscript""]","[]"
8fb87dc8-39a8-4008-b18b-fab60c2a51ef,"Sprock flib blip snizzle zibber noggle jibber sproop squirk flabble skizzle zizzle spuddle schnizzle crackle gobble quazzle gobble zorp. Quazzle blibber noodle frabble twibble snickle sproop bizzle, jib fluddle zobble jibber wibble bizzle doodle jibber noggle sprock. Blibber sproogle wizzle dabble fizzbuzz squickle spuddle snip schnizzle dabble blib dribble squizzle.","[""Cyphertongue"",""Siliconian""]","[]"
4c2988b2-3ef7-419e-a2f1-6e455c986af5,"Wump flap plix flib zibber spronk whip, quazzle sprockle zix schnizzle. Bizzle twibble wibble whip frizzle wuddle spronk jib zibber whiz crackle wobble gobble woggle. Woggle frozzle quazzle glimmer wizzle snipple squizzle flabble blizzle wizzle plix bizzle fuddle wobble frizzle jibble wham zorp. Wibber schnizzle jib fizz splonker wobble splotch, wump snickle zibber bizzle squirk crackle. Plix.","[""Robolingo""]","[""0ea1f6e1-be08-4120-a784-d35d15361507"",""a76fec85-5c95-491a-8eac-116dfc6be143""]"
88b68cfc-02b8-49a4-89c2-25841fa5b92c,"Mizzle twibble sprock gobble bizzle squickle gobble zobble chizzle, twibble zix fluddle whip mizzle splonker gobble. Drizzle sproop wham snop wobble zorp wump dribble quip squirk wizzle snipple sprockle squirk wibber glimmer. Whiz wham fuzzle squickle flibber skizzle jibber fuddle whip gobble squickle quixle twibble schnizzle. Flabble frizzle fuzzle quixle snop, bizzle plix snipple fuzzle.","[""Byteish"",""Cyberspeak""]","[]"
1b6cc7da-8903-44ed-8b2a-ede8b94161c1,"Noggle spronk mizzle spuddle fluddle jibber blib snipple flibber sprocket squizzle blip wobble flibber quibble. Splonker quibble fuzzle splurge fluddle zobble wump wobble schnizzle skizzle sprockle wobble quazzle snip. Blibber twibble trizzle wobble dribble squizzle sproop, schnizzle zix splurge jib splurge fluddle.","[""Robolingo"",""Datalex""]","[]"
ddb8e4bd-68ff-4bac-9a39-68c3507bd8c6,"Sprocket fizzbuzz flibber whip squaddle quibble snort quibble flib wobble flibber squickle. Splurge splurge flabble fuddle blibber flabble wump mizzle spooner splotch frabble squizzle whiz wibble mizzle. Glimmer blib schnizzle zorp wuddle blizzle, skizzle schnizzle blizzle wibble flabble wibble schnizzle. Squirk,.","[""Cyphertongue"",""Robolingo""]","[]"
9b02fd24-786e-4aa4-946e-29cf5555a3fa,"Jibber woggle sprockle gobble spronk fluddle splurge mizzle, splurge splonker wobble quazzle jib bizzle. Splonker flap doodle quixle wham snipple splurge squizzle zorp quip flabble. Wham splurge dribble snip blip sprocket sprock squabble blip squizzle wuddle. Splizzle wizzle plix spronk skizzle fizz.","[""Cyberspeak"",""Quantumese"",""Cyphertongue""]","[""ad4ae52c-2681-4dd3-9023-d29882c151cb"",""21e94815-508d-4dbf-828d-84395cddcab8"",""180a1e18-0dd3-48d2-90ff-6c6e848a6521""]"
73d36533-f402-4014-9e80-787022bbc8ed,"Flabble quibble schnizzle chizzle spuddle zibber wibble sprockle wham snickle fuzzle noodle. Fuzzle bizzle quibble quibble drizzle blibber jib, blibber crackle mizzle squabble jibber noodle schnizzle frozzle blib. Flibber zobble flib spuddle mizzle quackle, frabble snop bizzle snipple chizzle. Flibber dabble fuddle twibble squizzle sproogle, fluddle quazzle jibble spooner quibble wibber. Flap drizzle sprocket splotch chizzle woggle sprock.","[""Hololect"",""Technophrase"",""Byteish""]","[]"
c3333e46-1905-4dc2-b599-ecb84e9f9ca7,"Quazzle twibble blabble jibble zix drizzle squaddle wizzle drizzle skizzle squirk skizzle flib twizzle sproogle fizz twibble. Blip wuddle gobble zorp skizzle spooner nix skizzle, blizzle whiz glimmer splurge mizzle splurge zorp gobble. Spuddle wump blibber chizzle schnizzle splurge noggle, frabble wobble fizz twizzle glimmer zorp. Fuddle dribble spizzle fuddle.","[""Siliconian""]","[]"
9c05ebf8-a7b8-4150-a800-366a5ef448e5,"Zorp zizzle fuddle squizzle woggle gobble wobble noggle schnizzle, crackle snort quixle wump drizzle sprocket blizzle wizzle. Splurge wham splonker blib dabble snort splurge, sprock sprockle wobble frozzle zix jibble zizzle fuzzle. Squickle sprockle jib zobble blib snizzle spronk, wibble jibber snickle fizzbuzz quazzle zix.","[""Quantumese"",""Byteish""]","[]"
a6c723e5-232d-4eb6-ba7f-be3832f68f50,"Fuzzle nix frozzle wibble schnizzle bizzle splotch splotch fuddle squizzle flibber wump bizzle gobble. Dribble doodle wobble snort noodle crackle squabble, zobble glimmer spizzle quackle squabble. Squizzle bizzle spizzle schnizzle flib spizzle noodle, crackle whiz wizzle squirk quackle glimmer jibber twibble. Gobble sproogle blibber blib wizzle, sprock zizzle wibble zix twizzle.","[""Cyphertongue""]","[]"
c9c4676c-f1c0-4b2d-9b3a-6ba8d63c009a,"Drizzle quibble trizzle mizzle zobble gobble splonker spronk zorp skizzle zorp sprockle, snip woggle flabble nix jibber snipple glimmer. Fizzbuzz noggle flap crackle wibber spooner wham wobble, splurge splonker sprocket zix twizzle crackle. Snizzle splotch sprock skizzle zibber spizzle squirk squickle blizzle dribble, quackle splurge drizzle fizz snizzle snop. Flibber squaddle splurge fluddle blibber mizzle woggle snickle.","[""Cyberspeak""]","[""b63d6910-9220-4baa-b98c-e795b7e04945"",""38e88009-0d50-4103-88e6-a6fa6a4cc69c""]"
7ab3fdbf-3192-4f5a-9acb-72c03feba13e,"Squabble spooner sproogle snizzle wobble dabble splizzle squizzle glimmer snip sprock wobble snickle jib. Sprocket mizzle wuddle mizzle snizzle, wobble snipple fuddle blizzle quackle frabble sprock. Twibble glimmer sproop wobble quibble snip snipple sproop snickle snizzle sproop wobble doodle. Quazzle quazzle fuddle noggle splonker squaddle drizzle wobble bizzle squizzle, chizzle fuddle frabble bizzle sproogle woggle frozzle crackle. Twizzle plix,.","[""Datalex"",""Siliconian"",""Quantumese""]","[""64260235-f8d5-44e5-9271-3a730f202977""]"
ba163a97-5e5e-45d4-821f-42bb347995d1,"Zibber blizzle spronk wump sprock wump, bizzle twibble wibble chizzle splotch noggle zix squirk. Blib wobble fluddle bizzle twizzle frabble, spuddle crackle trizzle sprocket sprock whip wobble. Jib frizzle fuddle squaddle drizzle wizzle quazzle noggle, squabble doodle crackle wibble wobble. Splurge whip zorp spizzle nix, frozzle gobble mizzle wump.","[""Robolingo"",""Siliconian""]","[""4d438090-153d-4ca1-967d-0ed670a72934"",""9fc07c00-4506-4a4b-a8ad-ceb47a489aa4""]"
b4529577-e9f2-4036-912d-54d0c5868ba5,"Quip mizzle spronk quibble squizzle wizzle dabble bizzle, twizzle bizzle sprock crackle plix. Fizzbuzz noodle squizzle snizzle sprock twibble spronk quackle twibble wobble wuddle skizzle splurge quixle. Zorp quip spronk sprocket bizzle wizzle wobble spronk, quazzle wham drizzle quazzle quazzle. Wham splurge spizzle blizzle blabble sproop wibble trizzle.","[""Alscript"",""Hololect"",""Technophrase""]","[""e4e03437-4660-4059-bbd2-0affd4b63923"",""13de02a2-73dc-4ef9-9ec1-c75d9073b608""]"
4b7e7c12-b631-42d3-8c1b-439d9b295554,"Zizzle fuddle crackle skizzle gobble gobble woggle nix plix mizzle snort snickle splurge blib schnizzle spronk. Flibber skizzle squaddle quibble squizzle quazzle schnizzle snizzle wobble quazzle. Twizzle blip wizzle twizzle frozzle squizzle fizzbuzz noodle quixle dribble blib, wump noggle schnizzle snipple wobble flibber wibble snort. Wizzle blibber,.","[""Technophrase"",""Cyberspeak""]","[""1a2a985d-9e46-49f8-8300-f826adeb5319"",""c2c19348-23a9-4400-a623-40235e16e8a1""]"
f39b885d-e2a6-4d59-b0c0-bd8601a7e155,"Fuddle zix twibble sprocket splotch splurge, wump quazzle splonker crackle bizzle quip sproop dribble. Sprocket quazzle jibber snip quip squizzle blibber dribble, quackle splizzle quibble jibble sproop trizzle quip snickle fizzbuzz. Blizzle spizzle splonker splotch, wobble twibble fizz quibble mizzle.","[""Quantumese"",""Siliconian""]","[""2a343be2-0693-4e87-b215-2f2268aedc7f"",""c4d5db15-92eb-46a5-a713-75a435e42c94""]"
f17bc67f-f90c-4d74-b4f6-a6f49fb107b5,"Sprocket trizzle wibble squaddle quixle twibble wobble zobble wibber schnizzle. Twizzle whiz quazzle noggle blizzle snipple squizzle plix twizzle flibber, flibber fizz woggle quibble spizzle zorp squirk. Dabble squaddle schnizzle crackle dribble spronk squirk skizzle spronk, blizzle frozzle sprock blizzle squaddle. Doodle skizzle squickle blabble quibble snort snop fizzbuzz twizzle chizzle.","[""Datalex"",""Byteish""]","[]"
518ef4ae-2a9a-4a26-bbf7-9f5f0ab23fa5,"Doodle gobble quackle blib zorp fluddle gobble drizzle blip dabble dribble squizzle wobble snizzle splurge zibber. Noodle snip fluddle sproop fluddle squizzle spronk blibber quazzle drizzle spooner splonker. Splizzle snickle squaddle sprock woggle trizzle blizzle, snop drizzle wobble spronk. Quazzle frabble wobble glimmer flabble dribble blip.","[""Quantumese"",""Robolingo"",""Byteish""]","[""a357bfc4-a2b7-4bd9-87ef-254fd6dae571"",""1b4c33bc-b285-46cf-93a8-d160c427d260""]"
a14d8f52-d5fd-45f4-8566-337db3c362b4,"Frizzle splonker flib wuddle schnizzle fuddle wobble crackle spooner twizzle sproop squickle blizzle snop quixle whip sproop. Woggle quibble sproop quackle wuddle, zibber spooner drizzle bizzle woggle. Zorp blabble doodle twibble flabble snizzle frabble, wobble gobble glimmer gobble spooner blizzle snop zix. Wuddle splurge wibble twibble skizzle, squabble jib splotch jibble twibble frizzle jibble.","[""Technophrase""]","[""350d834b-08c9-4aa3-ace6-1bd764fc085a"",""fec3fd78-52a7-4400-8ca1-11efce8f2beb"",""a4382a56-177e-4757-8e40-a6382e578147""]"
e359debc-b236-423c-9ea7-fe0e428f7ee1,"Quixle snort splizzle sprockle splotch flap squizzle, nix wobble chizzle quackle flibber crackle spronk. Flibber splotch zizzle flib skizzle splurge blibber blib fuddle wump bizzle splizzle. Wobble quixle snipple quazzle snort quackle sprocket wobble quackle blizzle blizzle woggle crackle trizzle crackle wibble gobble sproogle. Noodle fizzbuzz drizzle trizzle fuzzle crackle whip gobble.","[""Alscript"",""Datalex"",""Byteish""]","[""f006c7eb-95a8-40fa-8c80-d67ac96bbb70""]"
b6c1d47f-342b-423d-ac84-fcdcc2e34cf9,"Noggle spizzle quackle blip quip quibble, squizzle fluddle mizzle flabble zobble squirk bizzle noodle. Mizzle fizzbuzz drizzle nix noggle squirk twibble frabble blizzle, blizzle jibble dribble spooner noggle squabble jibber. Wobble crackle wobble spizzle doodle sprock zorp, squirk gobble bizzle bizzle twibble quackle squabble.","[""Hololect""]","[""f11308e4-d42f-4045-8f0f-49fec2f67ada"",""f7c04a9a-b007-4ba4-bd25-9c3141a7cafd""]"
38340fd2-2824-4bba-8c86-44aa365bc738,"Blizzle spuddle crackle wuddle splotch squabble frozzle, skizzle wobble blib wham fluddle crackle. Blizzle blizzle squaddle squickle noodle doodle quibble blib wham quackle whiz whip snort spuddle spizzle wibber quazzle blabble quixle. Squabble bizzle blizzle skizzle flabble dribble fuzzle drizzle twizzle wizzle. Wibber crackle schnizzle, mizzle blip flap.","[""Quantumese"",""Alscript"",""Siliconian""]","[""29a7619a-33b2-4215-9150-333d8fadae4c""]"
bd03e833-e522-424e-84ef-475297777ded,"Frizzle drizzle gobble snizzle quip squizzle splonker twibble splonker, squaddle zorp quibble snipple frizzle blib wizzle. Spooner mizzle quip schnizzle spronk quixle nix flib squabble splurge skizzle blib snop squabble spooner glimmer. Sprockle wizzle splotch trizzle chizzle wobble blizzle schnizzle blip skizzle. Spuddle frozzle wuddle splurge wibble squaddle drizzle squirk woggle mizzle chizzle jib flibber.","[""Siliconian"",""Cyberspeak"",""Byteish""]","[]"
29aff03b-a113-4253-847e-5a173f3e3744,"Dribble schnizzle quazzle wobble fuddle flabble bizzle quip fizzbuzz mizzle. Flib quip noodle spuddle wump quixle skizzle chizzle skizzle fizzbuzz quazzle wuddle chizzle. Wham splizzle flap snipple sproop quazzle mizzle zobble snop dabble squabble wibber zibber squaddle snipple. Crackle bizzle fizzbuzz.","[""Datalex""]","[""c12bc609-a0c1-401a-b7ef-130da4a7cbf3""]"
168d8edc-6719-4ad2-ac86-97ba88e0602c,"Doodle snip noggle bizzle sprock quibble drizzle crackle zizzle dabble quibble drizzle skizzle sprock crackle. Wibber noodle fizzbuzz wobble blabble sprocket spronk snipple sprock blabble fuddle snop squizzle sprock spuddle spronk wuddle wizzle drizzle. Squabble sproogle spuddle squizzle plix flabble noodle, quip blip wump wobble sprocket. Noodle noggle, snort sprocket.","[""Alscript"",""Siliconian"",""Robolingo""]","[""29fc72e4-b4b1-4d15-a817-c599d6cc8c3c""]"
da46931a-bacb-4b1d-bfde-ea25fe4b7c72,"Snop chizzle sprocket wibber wibble wobble, fizz wibble doodle wobble twibble whip. Drizzle flib spronk snort twizzle quazzle snickle, sprock sprocket gobble blabble nix whiz jib. Zobble spuddle snipple glimmer dribble blabble fuzzle zorp blib bizzle snipple sprock gobble bizzle blizzle splizzle gobble. Fuddle quazzle blabble squickle, crackle squickle.","[""Siliconian""]","[""73da8c47-a301-454b-80b4-49532666486e""]"
0a499176-dcaa-4600-af2a-aa2f8bb9ffa9,"Whiz squizzle mizzle splizzle snickle drizzle twizzle twibble, woggle blibber fuzzle snort twibble noodle skizzle jibber zobble wizzle. Snort zizzle gobble bizzle drizzle squizzle wump wump frabble quazzle spuddle jibber sproop plix quixle snort. Blabble jib mizzle splurge twizzle glimmer fuzzle mizzle fizzbuzz blabble wuddle zix snop drizzle spizzle plix wibble chizzle flabble. Spizzle, nix.","[""Cyphertongue"",""Alscript"",""Quantumese""]","[]"
2f6ce016-1d1d-4e65-9b46-42f92801df36,"Twibble frozzle zobble squaddle skizzle splurge splurge sprock doodle blip schnizzle jibble wump twizzle whip jibber snipple blib. Wump splurge squabble quibble nix flib wobble fuddle, doodle zibber schnizzle wibble snort. Squabble dribble skizzle jibber wobble mizzle whip flabble spizzle nix. Wuddle sproop blizzle nix, spizzle blizzle twizzle splonker zizzle.","[""Hololect"",""Cyphertongue""]","[""b091a2fb-7f7c-45bb-b49c-f2b9bc137bb5"",""9f861ed9-86f5-46d8-b913-48adcf3aaf6f""]"
20b4f1fd-6e16-4345-82d3-18d6f0ef7e48,"Crackle wump quazzle zobble nix sproop fizz fluddle drizzle drizzle mizzle zobble. Crackle whiz twizzle jibber snip snizzle fizz snizzle fuddle frizzle. Crackle wuddle wibble mizzle quibble jibber schnizzle spooner, splizzle crackle quackle sproop doodle nix spizzle fizz dabble. Plix noggle mizzle splizzle quackle drizzle quixle wuddle, squizzle skizzle gobble blibber blabble glimmer.","[""Datalex"",""Siliconian"",""Cyberspeak""]","[""acc4d063-6759-4a6a-b1e5-7cb25eb40a49""]"
1943551a-eb73-48eb-a204-5d2f2dc3b800,"Frizzle zix splonker snipple schnizzle splotch snop splizzle spuddle sprock spuddle squabble glimmer snizzle schnizzle chizzle. Wizzle crackle mizzle snop fuzzle snizzle quibble wibber gobble bizzle quazzle. Snop flap squizzle snickle squizzle spooner schnizzle twibble quixle schnizzle spooner blibber splizzle wobble spizzle glimmer squirk.","[""Cyberspeak""]","[""79d88b3d-8f6a-4e4b-8cee-504c6165290b""]"
c549a406-4793-44bd-9528-ba67d23ab324,"Plix snop wobble snop quibble skizzle skizzle snip flibber blibber spuddle dribble crackle. Mizzle squizzle flabble splonker quazzle squabble spuddle snop quixle squirk jib schnizzle zizzle wizzle jib flabble. Flibber blibber crackle twibble blibber zorp blib, blip whiz skizzle flibber snickle quazzle zorp. Fuddle quixle zibber splurge noodle zorp zibber sprockle fluddle.","[""Byteish""]","[]"
ab69ea51-9a3e-4b9a-8060-8e2780d45805,"Quixle quibble glimmer wibble skizzle nix quackle, splotch spronk doodle trizzle quazzle dabble fuddle. Blizzle schnizzle bizzle fuddle snop squirk doodle, splurge chizzle zibber splizzle squaddle. Skizzle sprocket zix blip snipple spronk fuzzle, squirk zix squizzle chizzle flib. Whiz wibber crackle flibber noodle blabble snipple, wham bizzle trizzle spooner. Blip blizzle, blabble.","[""Siliconian"",""Cyberspeak"",""Alscript""]","[""4d4b2a7c-3261-42ec-ac8b-ae1228f1c748""]"
b34e2ec5-52e9-4afb-9d27-c4ddd7bffbb6,"Spizzle frozzle plix wobble quackle spronk plix snort sprocket gobble doodle zobble wuddle spronk quip jibble. Quip skizzle sprocket quibble wobble dabble squaddle sproop skizzle wizzle spronk, spuddle mizzle squizzle chizzle spizzle gobble gobble noggle. Wuddle fuzzle snizzle flibber flib woggle skizzle blizzle chizzle whip jibble flibber snickle mizzle chizzle zibber. Gobble schnizzle blabble dabble, wizzle trizzle.","[""Byteish"",""Robolingo"",""Cyberspeak""]","[""def65a2a-92af-48c1-a49f-d0296c49df4d""]"
8ea458bd-c590-451a-8766-d94e63d5e885,"Flibber nix frizzle splizzle splonker gobble wump whiz sprockle whiz. Squizzle nix wizzle chizzle snop blibber wizzle wibble chizzle zibber blizzle dribble flibber quixle splizzle doodle wump drizzle spooner. Drizzle twibble sprocket blib jib chizzle frozzle noggle snip splotch plix blib dribble jibber twibble crackle gobble sprock dribble.","[""Robolingo"",""Quantumese""]","[""6ff90bfb-bc6d-4563-8baa-55dff43af1a6"",""30150ee0-a2dc-4956-ab24-efb5be395e5a""]"
606a6172-7340-4f86-bc60-94ee32cd396c,"Quibble zizzle sproop mizzle fluddle frozzle zibber squabble mizzle chizzle fizzbuzz fuddle fuddle sprock blib quibble squaddle blizzle flibber. Fizz jibble fuddle quip drizzle chizzle wobble sproop twizzle quibble. Drizzle drizzle fuzzle wuddle gobble nix snipple sprocket wobble, fizz drizzle splonker sprock crackle zorp squickle trizzle. Squabble nix spizzle nix fuzzle, splotch whiz jibber dabble.","[""Hololect"",""Quantumese"",""Byteish""]","[""e8f980ba-5dae-467d-9949-b9bdad348f93"",""c4134a1b-3498-42ab-a244-8dce1d7d9308""]"
2c8b58c7-f4bb-46a1-9198-6b8e7b284750,"Flabble splonker glimmer wuddle fuddle fluddle trizzle splonker wuddle skizzle schnizzle. Mizzle wobble sproogle wobble quip chizzle frozzle wibble, blip squizzle spuddle fizzbuzz quixle. Plix fizzbuzz crackle quackle quazzle sprock splonker quixle squickle blip squaddle blib chizzle wobble fluddle gobble. Zizzle flibber splizzle dribble glimmer drizzle gobble wizzle mizzle.","[""Quantumese"",""Siliconian""]","[""3032d738-aab6-4e8e-8739-529c3b32377a""]"
6079c40a-488a-4cd0-a001-a3484e6ea55b,"Squaddle wuddle fizzbuzz spronk quazzle dabble drizzle splonker blizzle snip glimmer wobble snort skizzle wobble. Gobble wump wobble jibber crackle squaddle squirk quazzle quixle spronk fuzzle schnizzle. Fizzbuzz skizzle sprocket doodle sprocket blizzle blip squirk zix blib squabble sproogle sprocket flabble blib bizzle frozzle bizzle. Blabble quibble.","[""Cyphertongue"",""Datalex""]","[""8581ca3b-19ea-4bf3-aeca-f31f6fdff0a7"",""bbf65449-29d0-44f7-981e-5eb4dfeed0cc""]"
6e43d18e-3b50-41a4-8fc7-9070cb695ee3,"Wobble mizzle splotch wobble glimmer quibble woggle skizzle squizzle twizzle gobble blibber. Crackle crackle zorp mizzle spronk, plix skizzle snip spizzle fizz. Plix drizzle snickle skizzle wizzle squaddle noggle, wibble blib quazzle flabble jibble wibble. Fuzzle sproop squizzle splurge quibble wump squizzle wobble blib trizzle quazzle. Wobble squaddle gobble sprockle fuddle wobble spronk zobble.","[""Hololect""]","[]"
cb9830ea-e16b-4d19-bb5f-e687bd2d7fa0,"Sproop quazzle wobble splurge wobble sprock quibble noodle woggle dribble quibble. Spronk snip wizzle jibber plix dribble splotch chizzle, quip quazzle snickle quazzle splizzle skizzle wump. Gobble fuddle glimmer spronk sprockle whiz spronk noodle schnizzle, wibber skizzle sprock drizzle sprocket dribble spooner. Dribble spronk blip whip, fuzzle splurge.","[""Hololect"",""Quantumese""]","[""5147aeeb-8d74-477c-b593-997bffeb5245""]"
f533d542-a587-4db8-9e0c-a3796247691c,"Plix schnizzle whip quackle twibble twibble sprockle wizzle gobble crackle schnizzle dabble. Twibble jibber frizzle fuzzle spronk blizzle quazzle glimmer sprocket quip noodle quixle wobble bizzle. Spronk fizz splurge wuddle wibble flib whiz wibber squabble, blibber twizzle squirk wuddle wibble squaddle chizzle sproop dabble wump. Schnizzle squirk snip, quip blib gobble.","[""Cyphertongue"",""Technophrase""]","[""ffa9fdc4-37f6-4ef4-9173-b5d401200e0e"",""b61b01dc-9924-4c37-8cce-713fd181f954""]"
50b53720-5f44-46d5-9333-731c62361fb1,"Quazzle trizzle noggle frabble chizzle spooner, schnizzle blizzle wuddle wump. Gobble wobble splotch skizzle squirk squaddle zobble squizzle twibble frozzle snop sprockle quip frizzle blip squaddle bizzle snort. Wuddle mizzle flibber drizzle fuzzle plix drizzle fuddle frizzle twibble spronk jibber bizzle wobble dribble. Wibble blip blabble fizzbuzz sprock blib dribble sprocket sprockle jibble flib flibber noggle sproogle.","[""Technophrase"",""Cyphertongue"",""Robolingo""]","[""18d391f3-4a60-48c8-a287-ef24b5d6205b"",""f04cd9e5-7f7f-447c-b2db-2f14ba5fc135""]"
a8bcfcac-3516-44fa-b0bf-0881ab8d2a48,"Spizzle sproogle jib snop skizzle drizzle crackle plix blabble, skizzle fuzzle fuzzle wobble splonker snipple jib twizzle mizzle. Flib wuddle quazzle quibble wizzle squizzle squaddle zorp whiz wham twizzle wobble crackle blabble squabble spuddle crackle snickle. Quazzle spooner snickle wibble sprockle frozzle wobble, snort splonker trizzle gobble gobble bizzle.","[""Datalex"",""Hololect"",""Robolingo""]","[]"
ea335499-a245-425d-a180-e3d8191a79d5,"Sprock splizzle splizzle snipple squabble splonker quip gobble whip noodle quazzle, woggle zorp crackle flib wibber quibble twizzle. Drizzle mizzle fluddle snip zibber noggle crackle flibber squaddle drizzle wibble, nix fluddle sproogle schnizzle gobble fizz flap quibble. Squickle trizzle skizzle squaddle jibble wibber twibble fizz fizzbuzz quixle sprock flabble. Mizzle blibber splurge, jib.","[""Siliconian"",""Cyphertongue""]","[]"
634fe2df-fe64-4de0-a886-d87f5d0ad817,"Woggle spronk snizzle bizzle squickle jibble frabble spuddle zibber sprock. Doodle gobble skizzle dribble noodle whip squirk twizzle spooner quazzle blabble fuddle wump squabble dabble. Frizzle snizzle jib fizz whip gobble wobble squizzle spuddle schnizzle snop sprock bizzle splotch spuddle sproogle dribble spuddle splizzle. Splurge quackle splizzle plix bizzle snip, skizzle spooner spronk spizzle wibble.","[""Quantumese""]","[]"
3835951f-eacf-4edf-9135-5302b7952b07,"Splotch sprocket jib noodle crackle spronk sprock sprocket wobble blibber, wump glimmer drizzle squizzle sproop snizzle wobble snizzle. Dribble spooner quackle snickle sproogle sprock twizzle splonker sprocket fluddle spooner frizzle snipple sprock bizzle spronk fizz woggle. Quackle blibber blip flib sprocket wibble flib blabble noodle bizzle sproop snipple fluddle. Whip splurge gobble zix frabble quazzle, frozzle zizzle wibble skizzle.","[""Robolingo""]","[""edd59911-338f-42fe-8cd3-e9787168c4ab""]"
a8d54ee5-7205-474e-b816-f528d303ed69,"Twizzle sprocket chizzle mizzle twibble sproogle spuddle snip zibber blip blabble schnizzle sprock frabble gobble squizzle mizzle trizzle snort. Blip splurge dabble wobble squabble snip nix noodle gobble, bizzle spooner mizzle splonker zibber gobble snop woggle. Spuddle splurge, fuzzle sprock.","[""Datalex"",""Technophrase"",""Cyphertongue""]","[]"
14d4bd11-3443-4705-b6ed-dc2f8b04fc2f,"Wobble twibble trizzle snickle wizzle glimmer wizzle zix wham bizzle fizzbuzz dribble quackle trizzle schnizzle wump squizzle. Spooner sprock bizzle fizz noggle glimmer frozzle zizzle, flabble fuzzle mizzle sproop blibber wuddle squaddle woggle. Splizzle snort drizzle snop sprock whiz splotch flap plix snizzle zizzle plix spizzle twizzle. Squizzle skizzle mizzle spooner fuddle sprocket snizzle.","[""Quantumese"",""Cyphertongue""]","[]"
01c2a8de-d063-41a3-a98b-e9d74002c467,"Bizzle spronk blip fluddle quibble blabble splurge fizzbuzz skizzle blib sprocket fuddle. Crackle quibble mizzle spronk wizzle wham squizzle flib crackle squabble sproop flib jib. Mizzle wizzle whip trizzle quixle spizzle schnizzle glimmer wizzle snickle wobble mizzle. Splurge splizzle glimmer frizzle quazzle drizzle snizzle, wobble spizzle blip zizzle dribble snort dabble squabble.","[""Quantumese""]","[""30766522-340d-4400-a23a-c3e642999af0""]"
3041ddc0-4a1d-4e74-97eb-c375d8c60c41,"Drizzle quazzle squaddle wibble fuzzle wump nix zibber squaddle, dabble snickle splonker snort splonker. Crackle mizzle squizzle splotch glimmer sproop fuzzle crackle squaddle gobble twizzle, bizzle crackle quazzle sprocket glimmer quibble fizzbuzz plix. Blibber wham sproogle noodle jibber quazzle nix.","[""Robolingo""]","[]"
14a2883d-e310-4a4a-a977-18283fd4654c,"Zobble squickle quibble snip noggle wibble twizzle sproogle skizzle wobble, spuddle snip frizzle wobble splurge frizzle squickle squickle splotch. Quazzle zorp zibber whip jib wibble dabble crackle spooner wobble twizzle quixle jibble squickle quixle sproop spooner sprock bizzle. Snickle wham gobble schnizzle zobble plix, drizzle dribble spronk flib spizzle. Zobble frozzle wobble, glimmer flap.","[""Byteish"",""Cyphertongue"",""Alscript""]","[]"
d8e3fe71-8696-4b75-9caf-ead5e6cc5bea,"Sproop zizzle snipple jibble splonker twizzle squizzle gobble quibble jibber drizzle fuzzle quazzle chizzle spizzle splurge quibble sprocket wham. Plix snip wobble flib splonker zizzle bizzle spronk spronk blibber zizzle quibble splurge flap. Sprocket twibble jibble quibble snizzle sprock plix fuddle, snizzle gobble bizzle fluddle wibble woggle.","[""Datalex""]","[""1d5e2fe6-4cca-4f5d-91b5-c5e163d1ae98"",""1439b8c2-28f0-4065-82cf-1cc8aa904abb""]"
867b2540-e3e9-4fbb-ad71-43540eb9a6e4,"Woggle zorp sprocket whip skizzle flabble wizzle blip quixle frizzle whip whip drizzle snop whiz wump sprock frabble frozzle. Blabble drizzle blib sproop skizzle sproogle quibble quazzle sprocket frizzle squizzle spronk snop zibber crackle noodle skizzle sprocket. Bizzle noggle splurge drizzle schnizzle frozzle sproop zibber sprock spronk squizzle skizzle gobble.","[""Cyberspeak"",""Alscript"",""Byteish""]","[]"
e19b211c-ccf4-47f7-a9e5-519064a691e9,"Wobble schnizzle squabble drizzle snickle gobble snop sproogle splurge woggle, twibble fizz wibble squickle spooner twibble. Bizzle squirk zix splonker noodle noodle splonker squabble squizzle fizz. Crackle fuzzle sproogle fuzzle squickle noodle mizzle drizzle sprockle gobble drizzle zizzle schnizzle. Quip sprocket zizzle nix, quip squickle.","[""Cyberspeak"",""Datalex"",""Robolingo""]","[""97ca4433-3cd1-4a71-b106-daf77360d547"",""7e81bdb0-4a59-41e5-8100-baf745624264""]"
2d93edde-f12e-4a74-a975-a739f393f2f2,"Spooner sprocket spuddle squabble flibber chizzle jib, jibble splurge snipple flibber spronk crackle. Trizzle flabble splotch snort splurge bizzle, splizzle wump quixle sprocket. Splotch spizzle snip blizzle mizzle schnizzle spronk flibber wibber fuddle fuddle gobble. Blabble blip whip squickle zobble trizzle, dribble mizzle snop quackle squickle. Jib wizzle squirk quazzle spizzle spuddle drizzle blizzle drizzle glimmer chizzle.","[""Quantumese""]","[""728549e7-2706-4704-a9a3-3c99bbfafc5a""]"